{
  "n_events": 11873,
  "t_max_sec": 3599.9939999580383,
  "fit": {
    "mu": 1.2294825290845675,
    "alpha1": 50.30581635624181,
    "beta1": 173.2837768246066,
    "alpha2": 0.3589211967258274,
    "beta2": 1.06487917477923
  },
  "branching_ratio": 0.6273623109639772,
  "ks_stat": 0.046582011081369334,
  "ks_p": 7.937193198738601e-23,
  "gof_pass": false
}