{
  "window": "1.0-2.0h UTC 2024-06-01",
  "n_events": 11873,
  "t_max_sec": 3599.9939999580383,
  "fit": {
    "mu": 2.2037408097347755,
    "alpha": 42.660240176238304,
    "beta": 128.54696070922122
  },
  "branching_ratio": 0.33186502380820665,
  "ks_stat": 0.05833811183593951,
  "ks_p": 1.4468302954620787e-35,
  "gof_pass": false,
  "branching_ratio_valid": true
}